epoch,train_loss,gen_mse,sharpness,sharpness_2,proj_step,proj_cum,eig_1,eig_2
1,0.5688709020614624,0.5265972018241882,2.969869613647461,-0.7415628433227539,0.0,0.0,95.21942138671875,19.647804260253906
5,0.12834858894348145,3.5426948070526123,9.707769393920898,7.607957363128662,0.37863653898239136,0.37863653898239136,274.1829833984375,227.4519805908203
10,0.34107574820518494,2.589714765548706,12.090644836425781,2.54864501953125,0.13956043124198914,0.5628752708435059,297.1510314941406,75.36244201660156
15,0.3091241717338562,1.7638944387435913,5.916204452514648,2.507887840270996,0.45937275886535645,0.42430633306503296,161.16775512695312,93.90150451660156
20,0.08184010535478592,1.630697250366211,5.738399982452393,2.543363571166992,0.2683604657649994,0.529888391494751,164.96261596679688,88.6371841430664
25,0.05453287810087204,1.5078530311584473,4.960518836975098,2.648549795150757,0.26730430126190186,0.3887377083301544,138.14744567871094,97.78904724121094
30,0.033007342368364334,1.436650276184082,4.7374701499938965,2.868422508239746,0.21556514501571655,0.4624393582344055,143.94264221191406,96.52513885498047
35,0.01921788789331913,1.3819609880447388,4.32661247253418,2.955587863922119,0.17057061195373535,0.3104289770126343,127.44770812988281,103.93673706054688
40,0.012002618983387947,1.3653134107589722,4.3194475173950195,3.119558334350586,0.13937826454639435,0.3991456627845764,135.8074951171875,101.40879821777344
45,0.0072301351465284824,1.3280504941940308,4.05444860458374,3.1643524169921875,0.10825497657060623,0.21551921963691711,124.52295684814453,106.49604034423828
50,0.00472064595669508,1.323767900466919,4.1077985763549805,3.2464799880981445,0.08798617124557495,0.3281906247138977,131.69776916503906,103.5779037475586
55,0.0030886747408658266,1.2969683408737183,3.9307003021240234,3.266115188598633,0.0687805786728859,0.10533715039491653,124.35822296142578,106.57356262207031
60,0.002203463576734066,1.2977532148361206,4.006420135498047,3.297214984893799,0.05459016188979149,0.2634892463684082,129.62322998046875,104.36551666259766
65,0.0016336762346327305,1.2782014608383179,3.88881778717041,3.301508903503418,0.04259578883647919,0.012014694511890411,125.00760650634766,105.92080688476562
70,0.0013124241959303617,1.280094027519226,3.959475517272949,3.308549404144287,0.033347081393003464,0.21778574585914612,128.5712890625,104.46043395996094
75,0.0011054165661334991,1.2657015323638916,3.881873607635498,3.305173873901367,0.025996709242463112,0.05168299749493599,125.69273376464844,105.18746185302734
80,0.0009826233144849539,1.2671281099319458,3.937208414077759,3.303417921066284,0.020304378122091293,0.19050981104373932,128.03884887695312,104.23628234863281
85,0.0009015709511004388,1.2563806772232056,3.8861773014068604,3.297010660171509,0.015862170606851578,0.09215323626995087,126.24712371826172,104.5179672241211
90,0.000849784875754267,1.2568882703781128,3.9262592792510986,3.2923903465270996,0.01242387667298317,0.17604979872703552,127.78446960449219,103.87454223632812
95,0.0008134767413139343,1.2486774921417236,3.8928704261779785,3.2851219177246094,0.009747955948114395,0.11801128834486008,126.67269134521484,103.92301940917969
100,0.0007876824238337576,1.2482929229736328,3.921013116836548,3.2796199321746826,0.007672940846532583,0.16942927241325378,127.68816375732422,103.46021270751953
105,0.0007677879766561091,1.2418255805969238,3.8993382453918457,3.2723517417907715,0.006055115256458521,0.1351548433303833,127.00321960449219,103.38868713378906
110,0.0007518600323237479,1.2407341003417969,3.9189810752868652,3.2666258811950684,0.004795324057340622,0.16733068227767944,127.6858901977539,103.03263854980469
115,0.0007383007323369384,1.2354596853256226,3.9050753116607666,3.259654998779297,0.0038100252859294415,0.1470867246389389,127.27006530761719,102.9010238647461
120,0.0007263599545694888,1.233864188194275,3.918926477432251,3.253938674926758,0.003038357477635145,0.16774141788482666,127.74126434326172,102.6098861694336
125,0.0007154635386541486,1.2294098138809204,3.910172462463379,3.2473392486572266,0.0024325232952833176,0.155830517411232,127.49608612060547,102.44992065429688
130,0.0007053152658045292,1.2274802923202515,3.9201576709747314,3.2417287826538086,0.0019546423573046923,0.16948498785495758,127.8326644897461,102.20000457763672
135,0.0006957012810744345,1.2235976457595825,3.914827585220337,3.2354979515075684,0.0015779880341142416,0.1625603437423706,127.6965103149414,102.0285415649414
140,0.0006864983588457108,1.221461534500122,3.92225980758667,3.2300357818603516,0.0012783827260136604,0.17188763618469238,127.94692993164062,101.8062744140625
145,0.0006776225636713207,1.2179864645004272,3.9192187786102295,3.2241458892822266,0.0010413203854113817,0.16796985268592834,127.8810806274414,101.63225555419922
150,0.0006690194131806493,1.215733289718628,3.924966335296631,3.218855381011963,0.0008508628234267235,0.17456912994384766,128.075927734375,101.4297103881836
155,0.0006606535171158612,1.2125567197799683,3.9234695434570312,3.213273525238037,0.0006996123120188713,0.17247769236564636,128.05592346191406,101.25779724121094
160,0.000652497576083988,1.2102478742599487,3.9281058311462402,3.2081634998321533,0.0005767400143668056,0.17731928825378418,128.21456909179688,101.0701904296875
165,0.0006445330800488591,1.2072968482971191,3.927661418914795,3.2028605937957764,0.00047898065531626344,0.17634271085262299,128.224853515625,100.90277862548828
170,0.0006367465830408037,1.204972743988037,3.9315617084503174,3.197935104370117,0.000398474745452404,0.1800253689289093,128.3596649169922,100.72710418701172
175,0.0006291269091889262,1.2021980285644531,3.9318442344665527,3.1928858757019043,0.00033454279764555395,0.17972984910011292,128.39019775390625,100.5653076171875
180,0.0006216646870598197,1.1998850107192993,3.93525767326355,3.188141107559204,0.0002810373844113201,0.18263036012649536,128.5092010498047,100.39960479736328
185,0.0006143520586192608,1.1972522735595703,3.9360485076904297,3.183323383331299,0.00023866996343713254,0.18274922668933868,128.553466796875,100.24386596679688
190,0.0006071827374398708,1.1949667930603027,3.939138650894165,3.1787571907043457,0.00020232537644915283,0.18510694801807404,128.66184997558594,100.08677673339844
195,0.0006001504953019321,1.192452311515808,3.940293073654175,3.1741514205932617,0.0001737578131724149,0.18547657132148743,128.7156219482422,99.93716430664062
200,0.000593250326346606,1.1902046203613281,3.9431655406951904,3.1697568893432617,0.00014863902470096946,0.18744692206382751,128.8167724609375,99.7876968383789
205,0.0005864769336767495,1.187790870666504,3.944584846496582,3.1653478145599365,0.00012913832324557006,0.1879650354385376,128.87725830078125,99.64407348632812
210,0.0005798257770948112,1.18558669090271,3.9473109245300293,3.1611180305480957,0.0001113880643970333,0.18965104222297668,128.9734344482422,99.5014877319336
215,0.0005732927820645273,1.1832609176635742,3.9489269256591797,3.1568894386291504,9.798840619623661e-05,0.19025331735610962,129.03872680664062,99.36360931396484
220,0.0005668738158419728,1.1811035871505737,3.951559066772461,3.152817726135254,8.539776899851859e-05,0.19172655045986176,129.13150024414062,99.2272720336914
225,0.0005605649203062057,1.1788558959960938,3.953321933746338,3.1487581729888916,7.616837683599442e-05,0.1923709511756897,129.20030212402344,99.09489440917969
230,0.0005543626029975712,1.1767464876174927,3.9558911323547363,3.144836187362671,6.685743574053049e-05,0.19368016719818115,129.2907257080078,98.96430969238281
235,0.0005482636042870581,1.1745692491531372,3.957767963409424,3.140934467315674,6.0423859395086765e-05,0.194341778755188,129.36215209960938,98.83711242675781
240,0.0005422643735073507,1.172507882118225,3.960297107696533,3.137155532836914,5.348246486391872e-05,0.195521742105484,129.4509735107422,98.71185302734375
245,0.0005363620584830642,1.170395016670227,3.9622642993927,3.1334006786346436,4.9031819798983634e-05,0.1961842030286789,129.5244140625,98.58956909179688
250,0.0005305538070388138,1.1683812141418457,3.964771270751953,3.1297569274902344,4.385651845950633e-05,0.19726082682609558,129.6121368408203,98.46924591064453
255,0.0005248363013379276,1.1663274765014648,3.966808319091797,3.1261398792266846,4.0773782529868186e-05,0.1979137510061264,129.68714904785156,98.35157775878906
260,0.0005192070966586471,1.1643600463867188,3.9693031311035156,3.122624635696411,3.6753088352270424e-05,0.19890587031841278,129.774169921875,98.23585510253906
265,0.000513663690071553,1.1623611450195312,3.971397876739502,3.119137763977051,3.475557605270296e-05,0.19954286515712738,129.8504180908203,98.1225357055664
270,0.0005082038114778697,1.160438895225525,3.973888874053955,3.1157443523406982,3.1570656574331224e-05,0.20046497881412506,129.93701171875,98.01111602783203
275,0.0005028246087022126,1.1584910154342651,3.9760308265686035,3.1123785972595215,3.027121420018375e-05,0.2010827511548996,130.01426696777344,97.90189361572266
280,0.0004975242190994322,1.156612515449524,3.978524923324585,3.109100341796875,2.7791698812507093e-05,0.20194624364376068,130.1006622314453,97.79451751708984
285,0.0004923000233247876,1.154712438583374,3.980706214904785,3.105849266052246,2.6982103008776903e-05,0.20254269242286682,130.1787567138672,97.68914031982422
290,0.00048715033335611224,1.1528760194778442,3.9832053184509277,3.1026806831359863,2.4854016373865306e-05,0.2033555805683136,130.2650604248047,97.58555603027344
295,0.0004820730828214437,1.1510210037231445,3.985421657562256,3.0995383262634277,2.4403314455412328e-05,0.2039308100938797,130.34390258789062,97.48381042480469
300,0.0004770659434143454,1.1492253541946411,3.9879283905029297,3.0964725017547607,2.2696011001244187e-05,0.20470017194747925,130.4302520751953,97.3837890625
305,0.0004721277509815991,1.147412657737732,3.9901740550994873,3.093432903289795,2.2712250938639045e-05,0.20525293052196503,130.5096893310547,97.28547668457031
310,0.0004672562063205987,1.1456561088562012,3.9926936626434326,3.090465545654297,2.1463034499902278e-05,0.2059861123561859,130.5962371826172,97.18880462646484
315,0.00046244976692833006,1.143883228302002,3.994962692260742,3.087522029876709,2.1765146811958402e-05,0.20651577413082123,130.67617797851562,97.09371948242188
320,0.000457706832094118,1.142164707183838,3.99749755859375,3.084648609161377,2.0745268557220697e-05,0.2072177529335022,130.76296997070312,97.00022888183594
325,0.00045302571379579604,1.1404294967651367,3.9997851848602295,3.081796407699585,2.1322521206457168e-05,0.20772449672222137,130.84335327148438,96.908203125
330,0.0004484049277380109,1.1387473344802856,4.002337455749512,3.0790116786956787,2.0641375158447772e-05,0.20840029418468475,130.93051147460938,96.81769561767578
335,0.00044384278589859605,1.1370478868484497,4.004640102386475,3.0762453079223633,2.1538420696742833e-05,0.20888328552246094,131.01119995117188,96.72855377197266
340,0.000439338298747316,1.1354011297225952,4.0072126388549805,3.0735464096069336,2.1048275812063366e-05,0.2095372974872589,131.0988006591797,96.6408920288086
345,0.000434889952884987,1.133735179901123,4.009527206420898,3.070861577987671,2.211854007327929e-05,0.20999690890312195,131.1797637939453,96.55448150634766
350,0.00043049617670476437,1.1321228742599487,4.01212215423584,3.0682435035705566,2.1908643248025328e-05,0.21063268184661865,131.26788330078125,96.4695053100586
355,0.0004261558933649212,1.130488395690918,4.014443874359131,3.0656354427337646,2.3337815946433693e-05,0.2110680192708969,131.3489990234375,96.38568115234375
360,0.0004218679969199002,1.1289095878601074,4.017063140869141,3.0630950927734375,2.3518696252722293e-05,0.21169045567512512,131.43775939941406,96.30326843261719
365,0.0004176312359049916,1.1273049116134644,4.019387722015381,3.0605602264404297,2.5226814614143223e-05,0.21210035681724548,131.5189208984375,96.22189331054688
370,0.000413444300647825,1.1257588863372803,4.022037982940674,3.058093547821045,2.577684062998742e-05,0.21271345019340515,131.60841369628906,96.14189910888672
375,0.00040930643444880843,1.124181866645813,4.024358749389648,3.0556271076202393,2.7936875994782895e-05,0.21309596300125122,131.6894989013672,96.06285095214844
380,0.00040521606570109725,1.1226681470870972,4.027044773101807,3.053232192993164,2.899017999880016e-05,0.21370480954647064,131.77987670898438,95.98517608642578
385,0.0004011726414319128,1.1211167573928833,4.029353141784668,3.0508315563201904,3.1709241739008576e-05,0.21405702829360962,131.86070251464844,95.9083251953125
390,0.00039717485196888447,1.1196353435516357,4.032081604003906,3.0485053062438965,3.335814835736528e-05,0.21466736495494843,131.95217895507812,95.8328628540039
395,0.00039322179509326816,1.1181073188781738,4.034370422363281,3.0461645126342773,3.672361344797537e-05,0.21498559415340424,132.03253173828125,95.75809478759766
400,0.00038931306335143745,1.1166582107543945,4.0371503829956055,3.0439062118530273,3.917134745279327e-05,0.21560396254062653,132.12530517578125,95.68475341796875
405,0.00038544691051356494,1.1151509284973145,4.039407730102539,3.041621685028076,4.3606785766314715e-05,0.21588197350502014,132.2048797607422,95.61195373535156
410,0.00038162313285283744,1.113735318183899,4.0422539710998535,3.039429187774658,4.7468980483245105e-05,0.21651890873908997,132.2993621826172,95.54066467285156
415,0.00037784071173518896,1.1122452020645142,4.044458389282227,3.0371975898742676,5.3372779802884907e-05,0.21674644947052002,132.37767028808594,95.46971893310547
420,0.00037409880314953625,1.1108649969100952,4.04739236831665,3.035069704055786,5.882685218239203e-05,0.21741458773612976,132.474365234375,95.4004135131836
425,0.00037039685412310064,1.109387755393982,4.049521446228027,3.032883882522583,6.670282891718671e-05,0.21757903695106506,132.55081176757812,95.3311996459961
430,0.0003667339915409684,1.108046054840088,4.052570343017578,3.030824661254883,7.46266232454218e-05,0.21829593181610107,132.65045166015625,95.26383972167969
435,0.0003631094004958868,1.1065762042999268,4.054586410522461,3.0286784172058105,8.552266081096604e-05,0.21837708353996277,132.72413635253906,95.19623565673828
440,0.0003595227899495512,1.1052777767181396,4.057796478271484,3.0266873836517334,9.71013359958306e-05,0.21916863322257996,132.8278045654297,95.13079833984375
445,0.00035597331589087844,1.1038070917129517,4.059643745422363,3.024573802947998,0.00011254193668719381,0.21913626790046692,132.8973388671875,95.06463623046875
450,0.00035246092011220753,1.1025605201721191,4.06308126449585,3.022657871246338,0.00012982558109797537,0.22004160284996033,133.00672912597656,95.00115203857422
455,0.00034898484591394663,1.1010769605636597,4.064674377441406,3.0205624103546143,0.00015218525368254632,0.2198491096496582,133.0700225830078,94.93624877929688
460,0.00034554509329609573,1.0998952388763428,4.068442344665527,3.0187320709228516,0.00017787361866794527,0.22092601656913757,133.18768310546875,94.87479400634766
465,0.0003421418950892985,1.0983810424804688,4.069655418395996,3.0166406631469727,0.00021063763415440917,0.22050368785858154,133.24156188964844,94.8108901977539
470,0.0003387757169548422,1.0972846746444702,4.073914527893066,3.0149104595184326,0.0002495256485417485,0.22184038162231445,133.37142944335938,94.75165557861328
475,0.0003354473737999797,1.095712423324585,4.0745439529418945,3.012796401977539,0.0002990532375406474,0.22107750177383423,133.41090393066406,94.68838500976562
480,0.00033215933945029974,1.0947346687316895,4.0795464515686035,3.0111958980560303,0.0003592026187106967,0.22281509637832642,133.5592803955078,94.63168334960938
485,0.0003289149608463049,1.0930603742599487,4.079265594482422,3.0090208053588867,0.00043577508768066764,0.22153350710868835,133.57623291015625,94.5684814453125
490,0.00032572061172686517,1.0922561883926392,4.0854315757751465,3.0075953006744385,0.0005304130027070642,0.22389882802963257,133.75343322753906,94.51493072509766
495,0.00032258598366752267,1.0904083251953125,4.083703994750977,3.005293846130371,0.0006512384861707687,0.2218092679977417,133.73464965820312,94.45088958740234
500,0.0003195285389665514,1.0898685455322266,4.091721057891846,3.004122257232666,0.0008029502932913601,0.2251732498407364,133.9575958251953,94.40154266357422
505,0.00031657551880925894,1.0877277851104736,4.087650299072266,3.001587390899658,0.0009981743060052395,0.22179432213306427,133.88092041015625,94.33514404296875
510,0.00031377639970742166,1.0876069068908691,4.098687648773193,3.0008044242858887,0.0012467143824324012,0.2267799973487854,134.1783447265625,94.29188537597656
515,0.0003112062986474484,1.084970474243164,4.090739727020264,2.9978508949279785,0.0015691752778366208,0.2212940752506256,134.00587463378906,94.22052764892578
520,0.00030901021091267467,1.085534930229187,4.106812477111816,2.997690439224243,0.001984773203730583,0.22896458208560944,134.4271240234375,94.18670654296875
525,0.00030740504735149443,1.0820503234863281,4.092313766479492,2.993993043899536,0.0025296646635979414,0.21995356678962708,134.09275817871094,94.10579681396484
530,0.0003068334481213242,1.0837701559066772,4.116969108581543,2.9948644638061523,0.0032394423615187407,0.2321610152721405,134.72438049316406,94.08745574951172
535,0.00030793595942668617,1.078812837600708,4.091165065765381,2.9898340702056885,0.004180956166237593,0.21711131930351257,134.11021423339844,93.98870086669922
540,0.00031213852344080806,1.0825318098068237,4.130755424499512,2.992464780807495,0.005417732987552881,0.23713555932044983,135.10638427734375,93.99690246582031
545,0.0003213489835616201,1.0749789476394653,4.085062503814697,2.9850006103515625,0.0070789954625070095,0.21149654686450958,133.99819946289062,93.86499786376953
550,0.0003404004091862589,1.0822312831878662,4.151093482971191,2.9906809329986572,0.009270456619560719,0.24521316587924957,135.63563537597656,93.92008209228516
555,0.0003747836744878441,1.070058822631836,4.069936752319336,2.9786529541015625,0.012248904444277287,0.20060303807258606,133.6398162841797,93.72657012939453
560,0.0004415195726323873,1.0836234092712402,4.183009147644043,2.9896304607391357,0.01615665853023529,0.25850117206573486,136.4077606201172,93.8653335571289
565,0.0005536488024517894,1.0633010864257812,4.039053916931152,2.9688150882720947,0.021490981802344322,0.17948365211486816,132.8137969970703,93.55863189697266
570,0.0007703070878051221,1.0878925323486328,4.233105659484863,2.988770008087158,0.028292901813983917,0.27948451042175293,137.50498962402344,93.84196472167969
575,0.001095623942092061,1.0541688203811646,3.9854366779327393,2.951077461242676,0.03730661794543266,0.13952814042568207,131.17857360839844,93.34246826171875
580,0.0017026221612468362,1.0957049131393433,4.298885822296143,2.98532772064209,0.04791923984885216,0.307631254196167,138.69200134277344,93.84019470214844
585,0.0023776486050337553,1.0449422597885132,3.9186830520629883,2.9204955101013184,0.05999941751360893,0.07466663420200348,128.62863159179688,93.10834503173828
590,0.0034499983303248882,1.1029711961746216,4.334205627441406,2.974501371383667,0.07217524945735931,0.33104029297828674,138.7350616455078,93.78707885742188
595,0.003935961984097958,1.0433353185653687,3.8805816173553467,2.8917596340179443,0.0804271250963211,0.00896206684410572,126.2656021118164,93.08496856689453
600,0.00452868826687336,1.1014440059661865,4.274842739105225,2.9604172706604004,0.08715842664241791,0.3300478458404541,136.50100708007812,93.64798736572266
605,0.004059788770973682,1.0506099462509155,3.879237413406372,2.8951406478881836,0.08516965806484222,0.014484688639640808,125.34227752685547,93.42375183105469
610,0.0037411588709801435,1.0937824249267578,4.16775369644165,2.9561684131622314,0.08274231106042862,0.30449163913726807,133.5550079345703,93.59580993652344
615,0.002930964110419154,1.0578484535217285,3.8834915161132812,2.9174447059631348,0.07437480241060257,0.0018104035407304764,125.37373352050781,93.77091979980469
620,0.0024021207354962826,1.0865103006362915,4.081968307495117,2.959834575653076,0.06706039607524872,0.2701890468597412,131.39544677734375,93.6569595336914
625,0.0018084439216181636,1.0617891550064087,3.8881585597991943,2.936307907104492,0.05802525579929352,0.03226879611611366,125.72413635253906,93.92489624023438
630,0.0014299026224762201,1.080834984779358,4.028361797332764,2.963352680206299,0.05043817311525345,0.2386281043291092,130.08189392089844,93.71817016601562
635,0.0010912592988461256,1.063329815864563,3.8954849243164062,2.94708251953125,0.043032292276620865,0.0614905059337616,126.15202331542969,93.93621063232422
640,0.0008736170711927116,1.076299786567688,3.997504472732544,2.964291572570801,0.03690173476934433,0.21397879719734192,129.3290252685547,93.73370361328125
645,0.0006957814330235124,1.0634760856628418,3.9045023918151855,2.9520187377929688,0.03141540288925171,0.08478648960590363,126.56745147705078,93.8785171508789
650,0.0005789150018244982,1.0724987983703613,3.9803574085235596,2.9632675647735596,0.026893578469753265,0.1962674856185913,128.91505432128906,93.70844268798828
655,0.00048685265937820077,1.06281316280365,3.9137516021728516,2.953627824783325,0.02298610284924507,0.10218407213687897,126.9404296875,93.79348754882812
660,0.00042455122456885874,1.0691872835159302,3.971214771270752,2.961210250854492,0.01976088061928749,0.18409493565559387,128.7048797607422,93.65680694580078
665,0.0003759287064895034,1.0616639852523804,3.9224464893341064,2.9534683227539062,0.017011379823088646,0.11496445536613464,127.26737976074219,93.69976043701172
670,0.00034187789424322546,1.0662163496017456,3.966811180114746,2.958714485168457,0.014730952680110931,0.17595089972019196,128.61973571777344,93.59004974365234
675,0.000315107055939734,1.0602149963378906,3.9303529262542725,2.9523816108703613,0.012794263660907745,0.12441478669643402,127.55450439453125,93.6048583984375
680,0.0002956158423330635,1.0634896755218506,3.965297222137451,2.956080436706543,0.011177444830536842,0.17062394320964813,128.61328125,93.51519012451172
685,0.00027999732992611825,1.058578610420227,3.937502384185791,2.950803279876709,0.009803440421819687,0.13152877986431122,127.81010437011719,93.51151275634766
690,0.00026811996940523386,1.0609434843063354,3.965609073638916,2.9534435272216797,0.008648187853395939,0.1672409325838089,128.6577911376953,93.43633270263672
695,0.0002583333116490394,1.056825041770935,3.9440126419067383,2.9489617347717285,0.0076637277379632,0.13701175153255463,128.041748046875,93.42057800292969
700,0.0002505346783436835,1.058534026145935,3.9671144485473633,2.9508602619171143,0.006830164231359959,0.16519750654697418,128.73611450195312,93.35582733154297
705,0.00024388926976826042,1.0549994707107544,3.9500181674957275,2.9469804763793945,0.0061171408742666245,0.14134962856769562,128.25552368164062,93.33218383789062
710,0.00023834077001083642,1.0562310218811035,3.969424247741699,2.948349952697754,0.005509301088750362,0.16408053040504456,128.83743286132812,93.27500915527344
715,0.00023344943474512547,1.0531319379806519,3.9556336402893066,2.944927453994751,0.004987705498933792,0.14487290382385254,128.4559783935547,93.24623107910156
720,0.0002291857381351292,1.0540132522583008,3.9722914695739746,2.9459152221679688,0.004540351219475269,0.16360995173454285,128.95469665527344,93.19466400146484
725,0.00022530918067786843,1.0512419939041138,3.960951089859009,2.942843437194824,0.004155325703322887,0.14780858159065247,128.64649963378906,93.16255950927734
730,0.00022180905216373503,1.0518659353256226,3.9755542278289795,2.9435532093048096,0.0038236319087445736,0.16359472274780273,129.08326721191406,93.11524200439453
735,0.00021854601800441742,1.0493428707122803,3.966041088104248,2.94075083732605,0.003537914250046015,0.15031106770038605,128.8295135498047,93.08100128173828
740,0.00021551913232542574,1.049777865409851,3.979107141494751,2.941260576248169,0.003291123080998659,0.16390427947044373,129.22006225585938,93.0369873046875
745,0.00021264379029162228,1.0474436283111572,3.9709527492523193,2.9386649131774902,0.003078867681324482,0.15248748660087585,129.00672912597656,93.00140380859375
750,0.00020992399367969483,1.0477420091629028,3.9828784465789795,2.9390316009521484,0.002895463490858674,0.16444776952266693,129.36289978027344,92.9600601196289
755,0.00020730687538161874,1.0455505847930908,3.9757258892059326,2.936593532562256,0.002738612238317728,0.15441280603408813,129.17941284179688,92.92364501953125
760,0.00020479816885199398,1.0457521677017212,3.98681640625,2.936861753463745,0.00260379770770669,0.16516314446926117,129.5103302001953,92.88453674316406
765,0.00020236277487128973,1.043667197227478,3.9803857803344727,2.934542417526245,0.0024900129064917564,0.15613862872123718,129.34840393066406,92.84762573242188
770,0.00020000780932605267,1.04380464553833,3.9908885955810547,2.9347481727600098,0.0023934878408908844,0.16600725054740906,129.6613311767578,92.8104476928711
775,0.00019770856306422502,1.041796326637268,3.9849491119384766,2.932514190673828,0.0023142127320170403,0.15770094096660614,129.51429748535156,92.77325439453125
780,0.00019547317060641944,1.0418965816497803,3.995070695877075,2.932687282562256,0.002248975681141019,0.1669507622718811,129.8152313232422,92.73780822753906
785,0.00019328312191646546,1.0399396419525146,3.989429235458374,2.930510997772217,0.002198491944000125,0.15912401676177979,129.6774444580078,92.70044708251953
790,0.00019114736642222852,1.040026068687439,3.9993486404418945,2.9306769371032715,0.0021600204054266214,0.1679745316505432,129.97154235839844,92.6666259765625
795,0.0001890512794489041,1.0380975008010864,3.9938292503356934,2.928532123565674,0.0021348234731703997,0.16042321920394897,129.83802795410156,92.62914276123047
800,0.00018700484361033887,1.0381919145584106,4.003715991973877,2.9287166595458984,0.0021205847151577473,0.16906748712062836,130.13003540039062,92.59688568115234
805,0.0001849954714998603,1.0362697839736938,3.998149871826172,2.9265780448913574,0.002118947682902217,0.16160711646080017,129.99609375,92.55925750732422
810,0.00018303490651305765,1.0363937616348267,4.008167743682861,2.926805019378662,0.002127926331013441,0.17022456228733063,130.29058837890625,92.52857971191406
815,0.00018111191457137465,1.0344558954238892,4.002385139465332,2.9246459007263184,0.0021496210247278214,0.16267815232276917,130.1515350341797,92.49073028564453
820,0.00017924068379215896,1.0346320867538452,4.012709140777588,2.9249417781829834,0.0021823574788868427,0.17144665122032166,130.45327758789062,92.4616928100586
825,0.00017741105693858117,1.0326542854309082,4.006525993347168,2.9227333068847656,0.002228816971182823,0.16363221406936646,130.30406188964844,92.42349243164062
830,0.00017563984147273004,1.0329078435897827,4.0173492431640625,2.9231271743774414,0.0022875824943184853,0.1727406233549118,130.61830139160156,92.39623260498047
835,0.00017391772416885942,1.0308626890182495,4.010555267333984,2.920837163925171,0.0023617050610482693,0.16445983946323395,130.45321655273438,92.35746765136719
840,0.00017226807540282607,1.0312232971191406,4.022104263305664,2.92136287689209,0.002450381638482213,0.17411941289901733,130.78602600097656,92.33219146728516
845,0.00017068067973013967,1.0290776491165161,4.014447212219238,2.9189515113830566,0.0025573759339749813,0.16514292359352112,130.5983428955078,92.29257202148438
850,0.0001691877841949463,1.0295817852020264,4.027000427246094,2.9196524620056152,0.0026821030769497156,0.17560362815856934,130.9570770263672,92.26956939697266
855,0.00016778036660980433,1.0272949934005737,4.01816463470459,2.917069673538208,0.0028294327203184366,0.16565455496311188,130.7384033203125,92.22869110107422
860,0.00016650532779749483,1.0279884338378906,4.032073020935059,2.917999029159546,0.002999445889145136,0.17722420394420624,131.13235473632812,92.2083969116211
865,0.00016535419854335487,1.025508165359497,4.0216569900512695,2.9151792526245117,0.003198235295712948,0.16595444083213806,130.87196350097656,92.16568756103516
870,0.00016440029139630497,1.0264509916305542,4.037378787994385,2.9164090156555176,0.0034266849979758263,0.1790250688791275,131.31312561035156,92.14871978759766
875,0.00016363484610337764,1.023708462715149,4.024848461151123,2.913266181945801,0.003692832076922059,0.1659839153289795,130.99693298339844,92.10337829589844
880,0.00016317788686137646,1.0249804258346558,4.04299259185791,2.9148895740509033,0.003998562693595886,0.1810683310031891,131.50119018554688,92.09058380126953
885,0.00016302222502417862,1.0218833684921265,4.02763557434082,2.9113070964813232,0.00435480335727334,0.16565832495689392,131.11033630371094,92.04149627685547
890,0.00016337160195689648,1.0235928297042847,4.049025058746338,2.913450002670288,0.004764741286635399,0.18344160914421082,131.69908142089844,92.03407287597656
895,0.000164220153237693,1.0200159549713135,4.0298662185668945,2.9092676639556885,0.005243671592324972,0.1648547351360321,131.207763671875,91.97966766357422
900,0.00016592888277955353,1.022311806678772,4.055628776550293,2.9121034145355225,0.005796190816909075,0.1862674355506897,131.91021728515625,91.97929382324219
905,0.00016848753148224205,1.0180823802947998,4.031325817108154,2.9070959091186523,0.006444113329052925,0.16339586675167084,131.2828369140625,91.91729736328125
910,0.00017256897990591824,1.0211714506149292,4.063025951385498,2.910862445831299,0.007193929515779018,0.18971601128578186,132.13926696777344,91.92633819580078
915,0.00017813540762290359,1.016050100326538,4.031699180603027,2.904709815979004,0.008077725768089294,0.16102007031440735,131.3259735107422,91.85348510742188
920,0.00018647944671101868,1.0202219486236572,4.071513652801514,2.909734010696411,0.009102887474000454,0.19402174651622772,132.39224243164062,91.87523651123047
925,0.00019745271129067987,1.013875126838684,4.030543327331543,2.901977062225342,0.010317165404558182,0.1573462039232254,131.32298278808594,91.78678894042969
930,0.00021362773259170353,1.0195353031158447,4.081496238708496,2.9087085723876953,0.011726710945367813,0.19949522614479065,132.67623901367188,91.82579040527344
935,0.00023445628175977618,1.0115026235580444,4.027239799499512,2.898685932159424,0.013403045013546944,0.15182062983512878,131.25283813476562,91.71490478515625
940,0.00026519750826992095,1.0192114114761353,4.093461036682129,2.9077296257019043,0.015344379469752312,0.2065228819847107,132.99789428710938,91.77710723876953
945,0.0003039325529243797,1.0088750123977661,4.020980358123779,2.894493818283081,0.017655353993177414,0.14366596937179565,131.0853271484375,91.63419342041016
950,0.0003615733585320413,1.0193779468536377,4.107859134674072,2.906629800796509,0.020309917628765106,0.2155088484287262,133.35830688476562,91.72673797607422
955,0.00043174909660592675,1.005961298942566,4.0108723640441895,2.8888766765594482,0.023451393470168114,0.13188189268112183,130.78033447265625,91.53919982910156
960,0.0005368973943404853,1.0201618671417236,4.124688148498535,2.905029773712158,0.02699490264058113,0.22668138146400452,133.74029541015625,91.6689224243164
965,0.0006571533158421516,1.002835988998413,3.9963324069976807,2.881143569946289,0.031103704124689102,0.115463986992836,130.2948455810547,91.42314910888672
970,0.0008367740083485842,1.0215933322906494,4.142497539520264,2.9022233486175537,0.03558143228292465,0.23964105546474457,134.0836639404297,91.59223937988281
975,0.0010196310468018055,0.9998213052749634,3.9779679775238037,2.8707611560821533,0.04052296280860901,0.09417794644832611,129.6092071533203,91.28162384033203
980,0.001286644721403718,1.0234079360961914,4.156833171844482,2.8972926139831543,0.04559813439846039,0.2526554465293884,134.2570343017578,91.47977447509766
985,0.001504919258877635,0.997595489025116,3.958528995513916,2.858316659927368,0.0506393238902092,0.07009786367416382,128.77752685546875,91.12226867675781
990,0.0018104591872543097,1.0248911380767822,4.159989833831787,2.889840602874756,0.05534116178750992,0.2623215913772583,134.07948303222656,91.31986999511719
995,0.0019661143887788057,0.9969269037246704,3.9420907497406006,2.8465914726257324,0.059083279222249985,0.048648901283741,127.9563980102539,90.973388671875
1000,0.002183225005865097,1.0251985788345337,4.145816802978516,2.881091594696045,0.06200973317027092,0.26486673951148987,133.4583740234375,91.12834930419922
1005,0.002167023718357086,0.9979363083839417,3.9309661388397217,2.839344024658203,0.06313404440879822,0.03624581918120384,127.32769775390625,90.86788940429688
1010,0.002196175279095769,1.0240904092788696,4.116790771484375,2.87349009513855,0.06334653496742249,0.2588312029838562,132.5264892578125,90.9503173828125
1015,0.0020093785133212805,0.9998397827148438,3.9246153831481934,2.837799310684204,0.06165924668312073,0.03546125441789627,126.97200775146484,90.80989837646484
1020,0.0018816344672814012,1.0220435857772827,4.08258056640625,2.868467092514038,0.059403084218502045,0.24615544080734253,131.54800415039062,90.82080841064453
1025,0.0016252091154456139,1.0016908645629883,3.9219090938568115,2.8399388790130615,0.05584394186735153,0.043763305991888046,126.85570526123047,90.77604675292969
1030,0.0014410150470212102,1.0196412801742554,4.0517578125,2.8655776977539062,0.052187614142894745,0.23045244812965393,130.71548461914062,90.73924255371094
1035,0.0012059255968779325,1.0030001401901245,3.9222066402435303,2.843132495880127,0.0479545071721077,0.05661281570792198,126.9027328491211,90.74462890625
1040,0.00103774294257164,1.0172189474105835,4.027903079986572,2.863727331161499,0.043957892805337906,0.21484673023223877,130.0910186767578,90.68647003173828
1045,0.0008595726103521883,1.0036884546279907,3.9248549938201904,2.8458800315856934,0.03988292068243027,0.07035751640796661,127.04385375976562,90.70755767822266
1050,0.0007322715246118605,1.0149067640304565,4.011018753051758,2.8621835708618164,0.03618910163640976,0.2011180818080902,129.65855407714844,90.64590454101562
1055,0.0006096610450185835,1.0038495063781738,3.9290475845336914,2.8477468490600586,0.032658983021974564,0.08300992846488953,127.23048400878906,90.66515350341797
1060,0.0005215243436396122,1.0127390623092651,3.999748468399048,2.8606700897216797,0.029525484889745712,0.18988531827926636,129.3773651123047,90.60880279541016
1065,0.0004408870590850711,1.0036098957061768,3.9340527057647705,2.8488006591796875,0.026634041219949722,0.09383957833051682,127.43331909179688,90.61994934082031
1070,0.0003822509024757892,1.0107135772705078,3.992609739303589,2.859142303466797,0.024094073101878166,0.18109548091888428,129.2075958251953,90.57181549072266
1075,0.00033003039425238967,1.0030794143676758,3.9393532276153564,2.849238872528076,0.02179494872689247,0.1027892455458641,127.63665008544922,90.57402801513672
1080,0.0002914775104727596,1.0088170766830444,3.9883997440338135,2.85762882232666,0.01978399232029915,0.17441147565841675,129.1177215576172,90.53414916992188
1085,0.00025755917886272073,1.0023422241210938,3.944643497467041,2.8492469787597656,0.017982397228479385,0.1100795716047287,127.83317565917969,90.52857971191406
1090,0.00023208431957755238,1.0070327520370483,3.9862465858459473,2.856156587600708,0.016408076509833336,0.1694316864013672,129.08470153808594,90.495849609375
1095,0.00020973804930690676,1.0014593601226807,3.949767589569092,2.848963737487793,0.015005288645625114,0.11600199341773987,128.02015686035156,90.48416900634766
1100,0.00019264135335106403,1.0053445100784302,3.9855451583862305,2.854746103286743,0.013778408989310265,0.16578835248947144,129.09228515625,90.45726013183594
1105,0.00017759355250746012,1.000474452972412,3.954665422439575,2.8484838008880615,0.012688105925917625,0.12083299458026886,128.19720458984375,90.44096374511719
1110,0.00016585906269028783,1.0037384033203125,3.9858784675598145,2.8534016609191895,0.011732910759747028,0.16317643225193024,129.1290740966797,90.41867065429688
1115,0.0001554525806568563,0.9994187951087952,3.959322452545166,2.847871780395508,0.010885207913815975,0.12480518966913223,128.36492919921875,90.39897155761719
1120,0.00014718157763127238,1.0022027492523193,3.986959218978882,2.852123498916626,0.010141469538211823,0.16135671734809875,129.1871337890625,90.38031005859375
1125,0.0001397705200361088,0.9983143210411072,3.9637503623962402,2.84716796875,0.009482229128479958,0.12810255587100983,128.52430725097656,90.35811614990234
1130,0.00013377044524531811,1.0007277727127075,3.9885897636413574,2.850907802581787,0.00890341680496931,0.1601463258266449,129.26084899902344,90.34235382080078
1135,0.00012832952779717743,0.997177004814148,3.967968463897705,2.846402168273926,0.008391422219574451,0.13086718320846558,128.67636108398438,90.31830596923828
1140,0.00012384810543153435,0.9993061423301697,3.990633010864258,2.849747657775879,0.007942241616547108,0.15940752625465393,129.3462371826172,90.3049087524414
1145,0.00011973376967944205,0.9960179924964905,3.9719977378845215,2.845592498779297,0.007546475622802973,0.1332067996263504,128.82199096679688,90.2794418334961
1150,0.00011629281652858481,0.9979315996170044,3.992988109588623,2.848640203475952,0.00720046553760767,0.15903738141059875,129.44046020507812,90.26803588867188
1155,0.00011309605179121718,0.9948453903198242,3.975855827331543,2.8447515964508057,0.00689784437417984,0.13520196080207825,128.96194458007812,90.24144744873047
1160,0.00011039056698791683,0.9965999722480774,3.9955873489379883,2.84757924079895,0.0066354162991046906,0.15895986557006836,129.54147338867188,90.2317886352539
1165,0.00010784903861349449,0.9936649799346924,3.9795594215393066,2.8438892364501953,0.006408913992345333,0.13691246509552002,129.09678649902344,90.2042465209961
1170,0.00010568164725555107,0.9953076839447021,3.9983813762664795,2.8465607166290283,0.0062155453488230705,0.15911877155303955,129.64779663085938,90.19620513916016
1175,0.00010362822649767622,0.9924806952476501,3.9831185340881348,2.8430097103118896,0.006052871234714985,0.13838157057762146,129.2269287109375,90.16776275634766
1180,0.00010187352017965168,0.9940522909164429,4.001335620880127,2.845581293106079,0.005918350536376238,0.1594739854335785,129.75840759277344,90.16129302978516
1185,0.00010020074842032045,0.9912952184677124,3.9865403175354004,2.842116117477417,0.005810711532831192,0.13964036107063293,129.3526153564453,90.13194274902344
1190,9.878214041236788e-05,0.9928324222564697,4.0044264793396,2.8446390628814697,0.005727915558964014,0.15999731421470642,129.87254333496094,90.12705993652344
1195,9.742653492139652e-05,0.9901100993156433,3.9898269176483154,2.84121036529541,0.005669737234711647,0.14070859551429749,129.4739532470703,90.09671783447266
1200,9.630169370211661e-05,0.9916471838951111,4.007639408111572,2.843730926513672,0.005634346045553684,0.160670667886734,129.98974609375,90.093505859375
1205,9.523089102003723e-05,0.9889260530471802,3.992974042892456,2.84029221534729,0.005622419994324446,0.14159758388996124,129.59085083007812,90.06201934814453
1210,9.438457345822826e-05,0.9904967546463013,4.010968208312988,2.8428564071655273,0.005632355809211731,0.161484032869339,130.10971069335938,90.06063079833984
1215,9.359097748529166e-05,0.9877429008483887,3.995974540710449,2.839360475540161,0.0056656766682863235,0.14231103658676147,129.70314025878906,90.02778625488281
1220,9.30321984924376e-05,0.989381730556488,4.014409065246582,2.8420162200927734,0.005720954388380051,0.16243457794189453,130.23233032226562,90.02843475341797
1225,9.253374446416274e-05,0.9865599274635315,3.998816728591919,2.8384101390838623,0.005800674669444561,0.14284487068653107,129.81040954589844,89.99393463134766
1230,9.229767601937056e-05,0.9883037805557251,4.017969131469727,2.8412086963653564,0.005903525277972221,0.16352708637714386,130.35763549804688,89.99691009521484
1235,9.213874000124633e-05,0.9853755235671997,4.001479148864746,2.837437391281128,0.006032965611666441,0.14318707585334778,129.91207885742188,89.96035766601562
1240,9.229171701008454e-05,0.9872655868530273,4.021658420562744,2.8404340744018555,0.006187813356518745,0.16477304697036743,130.48580932617188,89.96604919433594
1245,9.254826727556065e-05,0.9841873645782471,4.00393533706665,2.8364343643188477,0.006372547708451748,0.1433177888393402,130.0072784423828,89.92693328857422
1250,9.319550008513033e-05,0.9862706661224365,4.025496006011963,2.8396944999694824,0.006586127448827028,0.1661914736032486,130.6171875,89.93582153320312
1255,9.399234113516286e-05,0.9829918742179871,4.006145000457764,2.83539080619812,0.006834655534476042,0.14320601522922516,130.09486389160156,89.89349365234375
1260,9.529887756798416e-05,0.9853246808052063,4.029507637023926,2.8389892578125,0.007116872817277908,0.1678103804588318,130.75225830078125,89.90621185302734
1265,9.681711526354775e-05,0.9817851185798645,4.008061408996582,2.8342912197113037,0.0074403658509254456,0.14281082153320312,130.17327880859375,89.85983276367188
1270,9.903116733767092e-05,0.9844342470169067,4.033725738525391,2.8383188247680664,0.007804118096828461,0.16966645419597626,130.89158630371094,89.87714385986328
1275,0.00010155239579034969,0.9805615544319153,4.009618282318115,2.8331148624420166,0.008218048140406609,0.1420750617980957,130.24044799804688,89.8256607055664
1280,0.00010504485544515774,0.9836087822914124,4.038192272186279,2.837682008743286,0.008680451661348343,0.1718076765537262,131.03590393066406,89.8485336303711
1285,0.00010898662731051445,0.9793145060539246,4.010732650756836,2.831836223602295,0.009204527363181114,0.1409243792295456,130.29359436035156,89.79058074951172
1290,0.00011432325118221343,0.9828606247901917,4.0429606437683105,2.837076187133789,0.009787870571017265,0.17429545521736145,131.18601989746094,89.82022094726562
1295,0.00012031028018100187,0.9780364632606506,4.011293888092041,2.830416440963745,0.010447533801198006,0.1392611563205719,130.32907104492188,89.7540512084961
1300,0.0001283399760723114,0.9822056293487549,4.048088550567627,2.836489677429199,0.011179525405168533,0.1772034913301468,131.34263610839844,89.79192352294922
1305,0.00013729628699366003,0.9767190217971802,4.011166572570801,2.8288040161132812,0.012006081640720367,0.1369621753692627,130.3420867919922,89.71533966064453
1310,0.00014928665768820792,0.981663167476654,4.053635597229004,2.8359081745147705,0.012920117005705833,0.18061603605747223,131.50607299804688,89.76317596435547
1315,0.00016256017261184752,0.9753542542457581,4.010181427001953,2.8269286155700684,0.013950645923614502,0.13387523591518402,130.32647705078125,89.67340850830078
1320,0.0001803826744435355,0.9812573194503784,4.059647560119629,2.8352959156036377,0.015085456892848015,0.18462301790714264,131.67579650878906,89.73320007324219
1325,0.00019987487758044153,0.9739373326301575,4.008145332336426,2.8246984481811523,0.01636134833097458,0.12982019782066345,130.2745819091797,89.62688446044922
1330,0.00022619064839091152,0.9810144901275635,4.066132068634033,2.834594488143921,0.017757350578904152,0.18930363655090332,131.84938049316406,89.70074462890625
1335,0.0002544228336773813,0.9724708199501038,4.004849433898926,2.821995496749878,0.01931869238615036,0.12460272759199142,130.17727661132812,89.5739974975586
1340,0.00029276215354911983,0.980960488319397,4.072996139526367,2.8337104320526123,0.02100992575287819,0.1946955919265747,132.0210418701172,89.66383361816406
1345,0.0003326562000438571,0.9709733128547668,4.000109672546387,2.8186845779418945,0.02288294956088066,0.11805170774459839,130.02491760253906,89.5125961303711
1350,0.00038709345972165465,0.9811108112335205,4.079959869384766,2.832500457763672,0.024880770593881607,0.20074054598808289,132.17930603027344,89.61957550048828
1355,0.00044109561713412404,0.9694901704788208,3.993837833404541,2.8146402835845947,0.027055488899350166,0.11009525507688522,129.8094482421875,89.44047546386719
1360,0.0005149628268554807,0.9814566969871521,4.0864410400390625,2.8307747840881348,0.029322002083063126,0.20720608532428741,132.30458068847656,89.56414794921875
1365,0.0005829980364069343,0.9681061506271362,3.98614501953125,2.809807300567627,0.03171864151954651,0.1008879765868187,129.52842712402344,89.35617065429688
1370,0.0006760229589417577,0.9819439649581909,4.091448783874512,2.8283348083496094,0.034132219851017,0.21360088884830475,132.36830139160156,89.493408203125
1375,0.0007522188825532794,0.9669463634490967,3.9774410724639893,2.8043053150177,0.03656519949436188,0.09097125381231308,129.1906280517578,89.26023864746094
1380,0.0008564823074266315,0.9824589490890503,4.093632698059082,2.8250539302825928,0.03889451175928116,0.21914273500442505,132.33685302734375,89.40453338623047
1385,0.000926586682908237,0.9661522507667542,3.9684371948242188,2.7985215187072754,0.04106368497014046,0.08136528730392456,128.8203582763672,89.1566162109375
1390,0.0010243502911180258,0.9828410148620605,4.091660976409912,2.821000814437866,0.04298372566699982,0.22287096083164215,132.183349609375,89.29861450195312
1395,0.0010679682018235326,0.9658231139183044,3.95999813079834,2.7930991649627686,0.044530127197504044,0.07343462854623795,128.45579528808594,89.05267333984375
1400,0.0011363306548446417,0.9829333424568176,4.084886074066162,2.81650447845459,0.04570731520652771,0.2239418625831604,131.9041290283203,89.18240356445312
1405,0.0011364334495738149,0.9659526944160461,3.95287823677063,2.7887158393859863,0.04634011164307594,0.0684499442577362,128.13839721679688,88.95685577392578
1410,0.0011590739013627172,0.9826496839523315,4.073882102966309,2.81205153465271,0.04656373709440231,0.22198739647865295,131.5276641845703,89.06684875488281
1415,0.001112782978452742,0.9664162993431091,3.9475340843200684,2.785764694213867,0.046188775449991226,0.06705930829048157,127.89881134033203,88.87503814697266
1420,0.001089541707187891,0.9820024371147156,4.060328006744385,2.8080666065216064,0.04546435549855232,0.21729421615600586,131.10552978515625,88.96239471435547
1425,0.0010097073391079903,0.9670265913009644,3.9441123008728027,2.7842001914978027,0.044217757880687714,0.0690549835562706,127.74848937988281,88.80847930908203
1430,0.0009547086083330214,0.9810742139816284,4.046246528625488,2.8047447204589844,0.042748935520648956,0.2106604278087616,130.691162109375,88.87482452392578
1435,0.0008611642406322062,0.9676131010055542,3.942523956298828,2.7836594581604004,0.0409148633480072,0.07358738780021667,127.68148040771484,88.75499725341797
1440,0.0007928809500299394,0.9799672961235046,4.0332465171813965,2.8020615577697754,0.03899950906634331,0.2030642330646515,130.32286071777344,88.8045883178711
1445,0.000702410121448338,0.9680658578872681,3.942521095275879,2.7837114334106445,0.03688717633485794,0.07959654927253723,127.68182373046875,88.71124267578125
1450,0.0006352353375405073,0.9787685871124268,4.022219657897949,2.7998876571655273,0.034807220101356506,0.1953621208667755,130.01904296875,88.74890899658203
1455,0.0005572797381319106,0.968337893486023,3.9437642097473145,2.784014940261841,0.032665252685546875,0.08615732192993164,127.73095703125,88.67431640625
1460,0.0004989345325157046,0.977539598941803,4.013426303863525,2.798088312149048,0.030627146363258362,0.18814514577388763,129.78269958496094,88.70414733886719
1465,0.0004364254418760538,0.9684244990348816,3.9458999633789062,2.7843616008758545,0.028615182265639305,0.09262637048959732,127.812255859375,88.64216613769531
1470,0.0003893329994753003,0.9763186573982239,4.006744384765625,2.7965567111968994,0.026740994304418564,0.18173465132713318,129.60804748535156,88.6670913696289
1475,0.0003413593221921474,0.9683439135551453,3.9486160278320312,2.7846486568450928,0.024940568953752518,0.09863443672657013,127.91280364990234,88.61347198486328
1480,0.00030495721148326993,0.975127637386322,4.0018815994262695,2.795226573944092,0.023285415023565292,0.17624644935131073,129.48574829101562,88.6353988647461
1485,0.0002690521359909326,0.9681223630905151,3.95166277885437,2.7848408222198486,0.021723736077547073,0.10401597619056702,128.02349853515625,88.5873794555664
1490,0.0002415824419585988,0.9739773273468018,3.9985058307647705,2.7940526008605957,0.02029968611896038,0.17166925966739655,129.40611267089844,88.60742950439453
1495,0.00021502784511540085,0.9677867293357849,3.9548661708831787,2.784933567047119,0.01897173561155796,0.1087336540222168,128.1383514404297,88.56330871582031
1500,0.0001945349358720705,0.9728718400001526,3.99631404876709,2.793006181716919,0.01776670292019844,0.16792404651641846,129.3603515625,88.58212280273438
1505,0.00017496042710263282,0.9673612713813782,3.9581048488616943,2.7849364280700684,0.016651809215545654,0.11281901597976685,128.25364685058594,88.54081726074219
1510,0.00015971602988429368,0.9718115925788879,3.995051622390747,2.792064905166626,0.015642842277884483,0.16490551829338074,129.34120178222656,88.55877685546875
1515,0.00014524957805406302,0.9668660163879395,3.9613099098205566,2.7848634719848633,0.014714458957314491,0.11633500456809998,128.3671875,88.51959991455078
1520,0.00013388137449510396,0.9707947373390198,3.9945120811462402,2.791212320327759,0.013875669799745083,0.16250601410865784,129.3428192138672,88.53692626953125
1525,0.00012311205500736833,0.9663174152374268,3.9644365310668945,2.784726142883301,0.013106545433402061,0.11935480684041977,128.47779846191406,88.49940490722656
1530,0.00011458079825388268,0.9698187112808228,3.994537353515625,2.7904345989227295,0.012412257492542267,0.16062405705451965,129.36061096191406,88.51624298095703
1535,0.00010649042815202847,0.9657285213470459,3.967461347579956,2.7845399379730225,0.011777590028941631,0.12194885313510895,128.5849151611328,88.48004150390625
1540,0.00010003503848565742,0.9688804745674133,3.995001792907715,2.789721727371216,0.011205208487808704,0.15917249023914337,129.3910369873047,88.49652862548828
1545,9.38928424147889e-05,0.9651092290878296,3.9703779220581055,2.784311056137085,0.010683420114219189,0.12418074160814285,128.68833923339844,88.46137237548828
1550,8.896420331439003e-05,0.967976987361908,3.9958133697509766,2.7890641689300537,0.010213503614068031,0.15807771682739258,129.4313507080078,88.47760772705078
1555,8.425189298577607e-05,0.9644676446914673,3.9731807708740234,2.7840495109558105,0.009786544367671013,0.12610459327697754,128.78802490234375,88.44326782226562
1560,8.045524737099186e-05,0.9671058654785156,3.9968979358673096,2.788454532623291,0.009402826428413391,0.15727882087230682,129.47943115234375,88.4593734741211
1565,7.680424459977075e-05,0.9638097882270813,3.9758715629577637,2.7837605476379395,0.009055731818079948,0.12776584923267365,128.88404846191406,88.42565155029297
1570,7.386004290310666e-05,0.9662646651268005,3.9982004165649414,2.7878849506378174,0.008745112456381321,0.1567271649837494,129.5336456298828,88.44175720214844
1575,7.100867514964193e-05,0.9631403684616089,3.9784538745880127,2.7834484577178955,0.008465916849672794,0.12920138239860535,128.9765625,88.40845489501953
1580,6.871688674436882e-05,0.9654513597488403,3.9996800422668457,2.7873520851135254,0.00821771752089262,0.15638329088687897,129.59274291992188,88.42467498779297
1585,6.647949339821935e-05,0.9624627828598022,3.9809296131134033,2.7831170558929443,0.007996795699000359,0.13044092059135437,129.06564331054688,88.3916015625
1590,6.469873187597841e-05,0.9646645188331604,4.001302719116211,2.786851167678833,0.007802650332450867,0.15621620416641235,129.65574645996094,88.40808868408203
1595,6.294396735029295e-05,0.9617800712585449,3.983302354812622,2.7827680110931396,0.007632525637745857,0.13150765001773834,129.15139770507812,88.37504577636719
1600,6.157209281809628e-05,0.9639027714729309,4.003042697906494,2.7863779067993164,0.0074857380241155624,0.1562010943889618,129.72190856933594,88.3919448852539
1605,6.020974615239538e-05,0.9610940217971802,3.9855728149414062,2.7824037075042725,0.007360655814409256,0.13241930305957794,129.23387145996094,88.3587417602539
1610,5.9180038078920916e-05,0.9631654024124146,4.004885196685791,2.785931348800659,0.00725652277469635,0.1563202440738678,129.79066467285156,88.37623596191406
1615,5.814518954139203e-05,0.9604061841964722,3.987741231918335,2.7820241451263428,0.007172205485403538,0.13318908214569092,129.31307983398438,88.34265899658203
1620,5.741163113270886e-05,0.9624516367912292,4.006813049316406,2.7855072021484375,0.007106978911906481,0.1565593183040619,129.86155700683594,88.36090850830078
1625,5.6663327995920554e-05,0.9597175717353821,3.989806890487671,2.781630039215088,0.007060387171804905,0.13382622599601746,129.3889923095703,88.32674407958984
1630,5.619778676191345e-05,0.9617611765861511,4.008815765380859,2.7851052284240723,0.007031589280813932,0.1569083034992218,129.93426513671875,88.34595489501953
1635,5.571333531406708e-05,0.9590285420417786,3.9917685985565186,2.7812204360961914,0.007020813412964344,0.13433635234832764,129.46151733398438,88.31094360351562
1640,5.550663991016336e-05,0.9610941410064697,4.01088809967041,2.7847235202789307,0.007027231156826019,0.15736158192157745,130.008544921875,88.33133697509766
1645,5.527834582608193e-05,0.9583396315574646,3.9936180114746094,2.7807934284210205,0.00705153401941061,0.13472113013267517,129.53048706054688,88.29521942138672
1650,5.533303556148894e-05,0.9604507684707642,4.013025283813477,2.7843596935272217,0.007092777639627457,0.1579161286354065,130.08421325683594,88.31703186035156
1655,5.536824028240517e-05,0.9576506018638611,3.9953505992889404,2.780348300933838,0.0071523766964674,0.134979248046875,129.59568786621094,88.2795181274414
1660,5.570230132434517e-05,0.9598318338394165,4.015225887298584,2.7840142250061035,0.007229193113744259,0.15857252478599548,130.1611785888672,88.30302429199219
1665,5.60189328098204e-05,0.9569612741470337,3.9969561100006104,2.7798805236816406,0.007324978709220886,0.1351069211959839,129.6568145751953,88.26376342773438
1670,5.666776996804401e-05,0.9592384099960327,4.017492294311523,2.7836849689483643,0.0074388207867741585,0.15933337807655334,130.23939514160156,88.28926086425781
1675,5.7302513596368954e-05,0.9562708139419556,3.9984216690063477,2.7793869972229004,0.0075730313546955585,0.1350957751274109,129.7134552001953,88.24787902832031
1680,5.831513772136532e-05,0.9586719274520874,4.019824028015137,2.7833714485168457,0.0077262744307518005,0.16020426154136658,130.3188018798828,88.27572631835938
1685,5.9321890148567036e-05,0.9555786848068237,3.9997336864471436,2.778862953186035,0.007901706732809544,0.13493546843528748,129.76512145996094,88.23175811767578
1690,6.077115540392697e-05,0.9581339359283447,4.0222249031066895,2.7830722332000732,0.008097823709249496,0.16119354963302612,130.3994140625,88.2623519897461
1695,6.222590309334919e-05,0.9548838138580322,4.000871181488037,2.7783005237579346,0.008318526670336723,0.13461105525493622,129.81117248535156,88.21529388427734
1700,6.421362195396796e-05,0.9576271772384644,4.024702072143555,2.7827847003936768,0.008561999537050724,0.16231243312358856,130.48121643066406,88.24908447265625
1705,6.62179445498623e-05,0.9541849493980408,4.0018110275268555,2.777693510055542,0.008832952007651329,0.1341041773557663,129.850830078125,88.19833374023438
1710,6.887709605507553e-05,0.9571544528007507,4.0272603034973145,2.7825071811676025,0.009129095822572708,0.16357411444187164,130.564208984375,88.23583984375
1715,7.156628998927772e-05,0.9534807205200195,4.002529144287109,2.777029514312744,0.0094562117010355,0.1333925873041153,129.88316345214844,88.18070220947266
1720,7.507466216338798e-05,0.9567191004753113,4.029905319213867,2.782235860824585,0.00981142558157444,0.1649942249059677,130.64833068847656,88.22248840332031
1725,7.86288728704676e-05,0.9527700543403625,4.002987384796143,2.7762978076934814,0.010201877914369106,0.13244904577732086,129.90699768066406,88.16217041015625
1730,8.32235673442483e-05,0.9563257098197937,4.032642841339111,2.781965494155884,0.010623832233250141,0.1665911078453064,130.73345947265625,88.2088851928711
1735,8.787435945123434e-05,0.9520516991615295,4.003151893615723,2.775481939315796,0.011085821315646172,0.13124176859855652,129.92095947265625,88.14246368408203
1740,9.385620069224387e-05,0.9559786915779114,4.0354743003845215,2.781688690185547,0.011582686565816402,0.1683831363916397,130.81927490234375,88.19481658935547
1745,9.989102545659989e-05,0.9513247609138489,4.0029730796813965,2.7745635509490967,0.012124642729759216,0.12973639369010925,129.92340087890625,88.1212387084961
1750,0.00010764747275970876,0.9556835293769836,4.038395881652832,2.7813942432403564,0.012705028057098389,0.17038828134536743,130.9052276611328,88.18000030517578
1755,0.00011542666470631957,0.9505894184112549,4.002408027648926,2.7735207080841064,0.013336090371012688,0.1278943568468094,129.9124755859375,88.09809112548828
1760,0.00012543667980935425,0.9554461240768433,4.041394233703613,2.781066417694092,0.014008630067110062,0.17262190580368042,130.99041748046875,88.16405487060547
1765,0.00013537418271880597,0.9498470425605774,4.001401901245117,2.772326707839966,0.014736724086105824,0.12567822635173798,129.88604736328125,88.0725326538086
1770,0.00014819632633589208,0.95527184009552,4.044440269470215,2.7806849479675293,0.015507975593209267,0.17509020864963531,131.0733642578125,88.14646911621094
1775,0.0001607453596079722,0.9491015076637268,3.999903678894043,2.7709548473358154,0.016338586807250977,0.12305548042058945,129.84193420410156,88.04400634765625
1780,0.0001770054514054209,0.955165445804596,4.0474772453308105,2.7802212238311768,0.01721217855811119,0.17778749763965607,131.15182495117188,88.1265869140625
1785,0.00019259472901467234,0.9483594298362732,3.9978694915771484,2.769375801086426,0.01814642921090126,0.12000470608472824,129.77792358398438,88.01190185546875
1790,0.00021288941206876189,0.9551293849945068,4.050417900085449,2.779639959335327,0.0191196296364069,0.18068554997444153,131.2226104736328,88.10362243652344
1795,0.00023180498101282865,0.9476320147514343,3.9952731132507324,2.7675654888153076,0.020150430500507355,0.11652836948633194,129.69223022460938,87.97563171386719
1800,0.00025656737852841616,0.9551621675491333,4.053131103515625,2.7788987159729004,0.021211054176092148,0.18372522294521332,131.28131103515625,88.07662963867188
1805,0.0002787575067486614,0.9469356536865234,3.9921131134033203,2.765509605407715,0.02231934294104576,0.11266620457172394,129.58387756347656,87.93470764160156
1810,0.0003080152964685112,0.9552567005157471,4.055428981781006,2.77795147895813,0.0234414990991354,0.18680599331855774,131.32235717773438,88.04461669921875
1815,0.0003328461607452482,0.9462927579879761,3.9884331226348877,2.7632131576538086,0.02459236979484558,0.10851109772920609,129.4533233642578,87.88887786865234
1820,0.0003659056965261698,0.9553976655006409,4.057079792022705,2.7767560482025146,0.02573300153017044,0.18977898359298706,131.33920288085938,88.0066909790039
1825,0.0003918919537682086,0.9457296133041382,3.9843297004699707,2.760709762573242,0.026872610673308372,0.10422362387180328,129.30311584472656,87.83833312988281
1830,0.00042704815859906375,0.9555608034133911,4.057816028594971,2.7752833366394043,0.02797037921845913,0.1924494206905365,131.32516479492188,87.96229553222656
1835,0.00045172974932938814,0.9452740550041199,3.9799578189849854,2.758074998855591,0.029026959091424942,0.10003471374511719,129.13839721679688,87.78384399414062
1840,0.0004861678753513843,0.9557140469551086,4.057384967803955,2.773531198501587,0.03000544384121895,0.1945917159318924,131.27471923828125,87.91149139404297
1845,0.0005063032149337232,0.9449495077133179,3.9755213260650635,2.7554171085357666,0.030895967036485672,0.09622958302497864,128.9668426513672,87.72681427001953
1850,0.0005363868549466133,0.9558210372924805,4.055605888366699,2.7715349197387695,0.03167298436164856,0.19598226249217987,131.1851043701172,87.85520935058594
1855,0.0005485776928253472,0.9447680711746216,3.9712533950805664,2.752872943878174,0.032315731048583984,0.0931096076965332,128.79798889160156,87.66920471191406
1860,0.000570631877053529,0.9558477401733398,4.052432537078857,2.7693653106689453,0.03281790763139725,0.1964428722858429,131.05780029296875,87.79527282714844
1865,0.0005722935893572867,0.9447260499000549,3.9673798084259033,2.7505764961242676,0.033149588853120804,0.09093371033668518,128.64187622070312,87.61318969726562
1870,0.0005836467025801539,0.9557691216468811,4.047998428344727,2.7671194076538086,0.0333285853266716,0.19588395953178406,130.89906311035156,87.7341537475586
1875,0.0005738630425184965,0.9448026418685913,3.9640910625457764,2.7486326694488525,0.033318839967250824,0.08986315131187439,128.50730895996094,87.56075286865234
1880,0.0005736852181144059,0.9555737376213074,4.042601585388184,2.764899492263794,0.03316275775432587,0.1943286657333374,130.71900939941406,87.67449951171875
1885,0.0005535643431358039,0.9449635744094849,3.961514949798584,2.7470927238464355,0.0328216552734375,0.08992564678192139,128.4003143310547,87.5133285522461
1890,0.0005430130986496806,0.9552645683288574,4.0366435050964355,2.762794017791748,0.032356925308704376,0.19190828502178192,130.52963256835938,87.61858367919922
1895,0.0005152447847649455,0.9451692700386047,3.959707736968994,2.745952606201172,0.03172993287444115,0.09102138876914978,128.32363891601562,87.47162628173828
1900,0.0004969540750607848,0.9548553228378296,4.030540943145752,2.760859727859497,0.031013138592243195,0.1888308823108673,130.34254455566406,87.56793212890625
1905,0.00046495647984556854,0.9453824162483215,3.9586567878723145,2.745164394378662,0.030169496312737465,0.09295563399791718,128.27682495117188,87.43569946289062
1910,0.00044210918713361025,0.9543662071228027,4.024655342102051,2.7591238021850586,0.02927326411008835,0.1853368580341339,130.1671142578125,87.52325439453125
1915,0.0004091102455276996,0.9455729722976685,3.958301544189453,2.7446582317352295,0.028289834037423134,0.09549073129892349,128.25704956054688,87.40514373779297
1920,0.00038464367389678955,0.9538190364837646,4.019250869750977,2.7575888633728027,0.027288399636745453,0.1816573292016983,130.00970458984375,87.48454284667969
1925,0.00035311051760800183,0.9457208514213562,3.958543062210083,2.7443597316741943,0.026236938312649727,0.09839114546775818,128.26014709472656,87.37928771972656
1930,0.00032923949765972793,0.953234076499939,4.014481544494629,2.75624418258667,0.025195471942424774,0.17798581719398499,129.8736572265625,87.45134735107422
1935,0.00030070956563577056,0.9458149075508118,3.95927095413208,2.744204521179199,0.024134792387485504,0.10145403444766998,128.281494140625,87.3573989868164
1940,0.0002788174897432327,0.9526280760765076,4.010409355163574,2.7550692558288574,0.02310405671596527,0.17446601390838623,129.7598876953125,87.4229736328125
1945,0.0002539993729442358,0.9458513259887695,3.9603724479675293,2.7441391944885254,0.022077016532421112,0.10452361404895782,128.3166961669922,87.33877563476562
1950,0.0002347671106690541,0.9520144462585449,4.00703239440918,2.754042625427246,0.021092558279633522,0.1711924821138382,129.66766357421875,87.39867401123047
1955,0.00021377496886998415,0.9458312392234802,3.9617486000061035,2.7441272735595703,0.020127281546592712,0.10749078541994095,128.36190795898438,87.32279968261719
1960,0.0001973790640477091,0.9514026641845703,4.004305362701416,2.753145217895508,0.019211143255233765,0.16821780800819397,129.5952606201172,87.37776184082031
1965,0.0001799701276468113,0.9457586407661438,3.9633116722106934,2.7441415786743164,0.018323691561818123,0.11028647422790527,128.41395568847656,87.30894470214844
1970,0.00016627204604446888,0.9507995247840881,4.002164363861084,2.752356767654419,0.017487209290266037,0.16556255519390106,129.54046630859375,87.3595962524414
1975,0.00015201602946035564,0.945639431476593,3.964993715286255,2.744166851043701,0.016683977097272873,0.11287471652030945,128.4703826904297,87.29676818847656
1980,0.00014072687190491706,0.9502092599868774,4.000535011291504,2.7516636848449707,0.01593068428337574,0.16322475671768188,129.50096130371094,87.34368133544922
1985,0.00012914971739519387,0.9454794526100159,3.966742992401123,2.7441911697387695,0.01521232444792986,0.11524055153131485,128.52932739257812,87.28594207763672
1990,0.00011992569488938898,0.9496344923973083,3.999345541000366,2.7510502338409424,0.014541026204824448,0.16118952631950378,129.47451782226562,87.32957458496094
1995,0.00011055971845053136,0.9452852010726929,3.968519926071167,2.744208812713623,0.013903947547078133,0.11738498508930206,128.58946228027344,87.27617645263672
2000,0.00010305885371053591,0.9490765333175659,3.998528003692627,2.7505056858062744,0.013310135342180729,0.15943360328674316,129.45913696289062,87.31695556640625
